{
	"bm25": {
		"k1=1.5, b=0.75": {
			"rank": {
				"MRR@1": 0.5337401292175161,
				"MRR@5": 0.6178750897343857,
				"MRR@10": 0.6259140088196076,
				"MRR@20": 0.6259140088196076,
				"MRR@50": 0.6259140088196076,
				"MRR@75": 0.6259140088196076,
				"MRR@100": 0.6259140088196076,
				"Recall@1": 0.46712132089016517,
				"Recall@5": 0.6644532184733185,
				"Recall@10": 0.7246949030868624,
				"Recall@20": 0.7246949030868624,
				"Recall@50": 0.7246949030868624,
				"Recall@75": 0.7246949030868624,
				"Recall@100": 0.7246949030868624
			}
		},
		"k1=.9, b=0.4": {
			"rank": {
				"MRR@1": 0.574300071787509,
				"MRR@5": 0.6482172768604927,
				"MRR@10": 0.6558476908351277,
				"MRR@20": 0.6558476908351277,
				"MRR@50": 0.6558476908351277,
				"MRR@75": 0.6558476908351277,
				"MRR@100": 0.6558476908351277,
				"Recall@1": 0.5024587221823402,
				"Recall@5": 0.6791098348887288,
				"Recall@10": 0.7349246231155774,
				"Recall@20": 0.7349246231155774,
				"Recall@50": 0.7349246231155774,
				"Recall@75": 0.7349246231155774,
				"Recall@100": 0.7349246231155774
			}
		},
		"k1=.3, b=1.5": {
			"rank": {
				"MRR@1": 0.5646087580760948,
				"MRR@5": 0.6435271596075611,
				"MRR@10": 0.6499206634077412,
				"MRR@20": 0.6499206634077412,
				"MRR@50": 0.6499206634077412,
				"MRR@75": 0.6499206634077412,
				"MRR@100": 0.6499206634077412,
				"Recall@1": 0.49502273271117486,
				"Recall@5": 0.6790081359176834,
				"Recall@10": 0.7293311797080637,
				"Recall@20": 0.7293311797080637,
				"Recall@50": 0.7293311797080637,
				"Recall@75": 0.7293311797080637,
				"Recall@100": 0.7293311797080637
			}
		},
		"k1=1.5, b=0.75, dc=.75, qc=.25": {
			"rank": {
				"MRR@1": 0.5423546302943287,
				"MRR@5": 0.6251435750179462,
				"MRR@10": 0.6328907861301964,
				"MRR@20": 0.6328907861301964,
				"MRR@50": 0.6328907861301964,
				"MRR@75": 0.6328907861301964,
				"MRR@100": 0.6328907861301964,
				"Recall@1": 0.4735463029432879,
				"Recall@5": 0.6717217037568792,
				"Recall@10": 0.7311258674323994,
				"Recall@20": 0.7311258674323994,
				"Recall@50": 0.7311258674323994,
				"Recall@75": 0.7311258674323994,
				"Recall@100": 0.7311258674323994
			}
		},
		"k1=.9, b=0.4, dc=.75, qc=.25": {
			"rank": {
				"MRR@1": 0.5796841349605169,
				"MRR@5": 0.6549174443646801,
				"MRR@10": 0.6622168381590484,
				"MRR@20": 0.6622168381590484,
				"MRR@50": 0.6622168381590484,
				"MRR@75": 0.6622168381590484,
				"MRR@100": 0.6622168381590484,
				"Recall@1": 0.5069155300311078,
				"Recall@5": 0.6865278774826508,
				"Recall@10": 0.7429708064130169,
				"Recall@20": 0.7429708064130169,
				"Recall@50": 0.7429708064130169,
				"Recall@75": 0.7429708064130169,
				"Recall@100": 0.7429708064130169
			}
		},
		"k1=.9, b=0.4, dc=.5, qc=.5": {
			"rank": {
				"MRR@1": 0.585427135678392,
				"MRR@5": 0.6600681981335244,
				"MRR@10": 0.6675416481500466,
				"MRR@20": 0.6675416481500466,
				"MRR@50": 0.6675416481500466,
				"MRR@75": 0.6675416481500466,
				"MRR@100": 0.6675416481500466,
				"Recall@1": 0.5112526920315864,
				"Recall@5": 0.6880114860014354,
				"Recall@10": 0.7435690356544622,
				"Recall@20": 0.7435690356544622,
				"Recall@50": 0.7435690356544622,
				"Recall@75": 0.7435690356544622,
				"Recall@100": 0.7435690356544622
			}
		}
	},
	"dense": {
		"e5-base": {
			"rank": {
				"MRR@1": 0.42578125,
				"MRR@5": 0.5169921874999999,
				"MRR@10": 0.527460007440476,
				"MRR@20": 0.527460007440476,
				"MRR@50": 0.527460007440476,
				"MRR@75": 0.527460007440476,
				"MRR@100": 0.527460007440476,
				"Recall@1": 0.3917317708333333,
				"Recall@5": 0.6143880208333333,
				"Recall@10": 0.6931640624999998,
				"Recall@20": 0.6931640624999998,
				"Recall@50": 0.6931640624999998,
				"Recall@75": 0.6931640624999998,
				"Recall@100": 0.6931640624999998
			}
		}
	}
}